Composition,Cal. E (GPa),Cal. G (GPa),Cal. K (GPa),Cal. K/G,E (GPa),E/? (GPa cm3/g),Ec (GPa) Calculated by Eq. (8.2),Ec (GPa) Calculated by Eq. (8.3),Ec (GPa) Calculated by Eq. (8.4),G (GPa),G (GPa).1,G/K,Gc (kJ/m^2),Hv (GPa),K (GPa),K/G,Kc (MPa m^1/2),Tg (K),Tl (K),Tm (K),Trg,Tx (K),dK/dP,dc (mm),dvl/dP (km/s GPa),dvs/dP (km/s GPa),mk,mt,vl (km/s),vl/vs,vs (km/s),?E/E0,?E/E0 (%),?G/G0,?G/G0 (%),?K/K0,?K/K0 (%),?Vl/Vl0 (%),?Vs/Vs0 (%),?vl/vl0,?vs/vs0,??D/?D0,??/?0,??/?0 (%),??/?0,??/?0 (%),?av,?l,?s,?sla,?D (K),?,? (g/cm3),?f (GPa)
Zr41Ti14Cu12.5Ni10Be22.5,105.5,47.1,115,2.44,101.2,16.53,,,,37.4,,0.324,72,5.23,114.1,3.05,86,620,,,,,,,,,50,39,5.174,2.09,2.472,,,,,,,,,,,,,,,,,,,,326.8,0.352,6.125,1.8
Zr46.75Ti8.25Cu7.5Ni10Be27.5,103.9,47.6,113.7,2.39,100.5,16.7,113.6,85.8,103.9,37.2,,,,6.1,111.9,3.01,,623,,,,,,,,,44,34,5.182,2.08,2.487,,,,,,,,,,,,,,,,,,,,327.1,0.35,6.014,1.83
Zr45.4Ti9.6Cu10.15Ni8.6Be26.25,,,,,99.9,16.52,113,86.3,103.8,37,,,,,111.9,3.02,,,,,,,,,,,,,5.163,2.09,2.473,,,,,,,,,,,,,,,,,,,,325.6,0.35,6.048,
Zr65Al10Ni10Cu15,79.1,35.7,103.4,2.89,97.3,15.52,81.1,74,79.1,35.9,,,,5.6,112,3.12,,652,,,,,,,,,,35,5.05,2.11,2.393,,,,,,,,,,,,,,,,,,,,292.9,0.355,6.271,1.45
Zr52.5Al10Ni10Cu15Be12.5,,,,,97.2,15.41,,,,35.9,,,,,112,3.12,,,,,,,,,,,,,5.033,2.11,2.384,,,,,,,,,,,,,,,,,,,,306.6,0.355,6.295,
Zr57Nb5Cu15.4Ni12.6Al10,82.6,36.6,107.4,2.93,87.3,13.05,85.4,76.6,82.6,32,,0.297,7,5.9,107.7,3.37,27,687,,,,,,,,,,,4.74,2.17,2.186,,,,,,,,,,,,,,,,,,,,274.8,0.365,6.69,1.8
Zr57Nb5Cu15.4Ni12.6Al10,82.6,36.6,107.4,2.93,86.2,12.75,85.4,76.6,82.6,31.5,,0.297,7,5.9,110.9,3.53,27,687,,,,,,,,,,,4.755,2.2,2.157,,,,,,,,,,,,,,,,,,,,272.3,0.37,6.758,1.8
Zr50Al10Ni10Cu15Be15,,,,,104.1,16.5,,,,38.8,,,,,110.9,2.86,,,,,,,,,,,,,5.075,2.05,2.478,,,,,,,,,,,,,,,,,,,,321.5,0.343,6.311,
Zr61Cu17.3Ni12.8Al7.9Sn1,,,,,77.4,11.38,,,,28.2,,0.274,44,,102.6,3.64,46.2,665,,,,,,,,,,,4.539,2.23,2.035,,,,,,,,,,,,,,,,,,,,256.7,0.374,6.801,1.77
Zr55Al10Ni10Cu15Be10,,,,,93.7,14.62,,,,34.4,,,,,111.6,3.24,,,,,,,,,,,,,4.958,2.14,2.355,,,,,,,,,,,,,,,,,,,,296.9,0.36,6.408,
Zr60Al10Ni10Cu15Be5,,,,,78,12.01,,,,28.2,,,,,109.7,3.89,,,,,,,,,,,,,5.763,2.28,2.085,,,,,,,,,,,,,,,,,,,,264,0.381,6.497,
(Zr46.75Ti8.25Cu7.5Ni10Be27.5)98Al2,,,,,101.8,17.3,,,,32.8,,,,,110.6,3.37,,,,,,,,,,,,,,,,,,,,,,,,,,,,,,,,,,,,0.347,5.89,
(Zr46.75Ti8.25Cu7.5Ni10Be27.5)95Al5,,,,,108.9,18.5,,,,40.5,,,,,115.8,2.86,,,,,,,,,,,,,,,,,,,,,,,,,,,,,,,,,,,,0.343,5.87,
(Zr46.75Ti8.25Cu7.5Ni10Be27.5)92Al8,,,,,86.7,14.7,,,,32.3,,,,,91.6,2.84,,,,,,,,,,,,,,,,,,,,,,,,,,,,,,,,,,,,0.342,5.88,
(Zr46.75Ti8.25Cu7.5Ni10Be27.5)90Al10,,,,,118.1,20,,,,44.5,,,,,113.8,2.56,,,,,,,,,,,,,,,,,,,,,,,,,,,,,,,,,,,,0.327,5.89,
(Zr46.75Ti8.25Cu7.5Ni10Be27.5)88Al12,,,,,117.1,20.7,,,,44.1,,,,,112.6,2.55,,,,,,,,,,,,,,,,,,,,,,,,,,,,,,,,,,,,0.326,5.66,
(Zr46.75Ti8.25Cu7.5Ni10Be27.5)85Al15,,,,,117.5,20.5,,,,48.4,,,,,116.9,2.42,,,,,,,,,,,,,,,,,,,,,,,,,,,,,,,,,,,,0.318,5.72,
Zr41Ti14Cu12.5Ni9Be22.5C1,,,,,105.7,17.15,,,,39.5,,,,,107.3,2.71,,,,,,,,,,,,,5.097,2.01,2.534,,,,,,,,,,,,,,,,,,,,335.7,0.336,6.161,
Zr34Ti15Cu10Ni11Be28Y2,,,,,110.3,19.09,,,,41.7,,,,,103.7,2.49,,,,,,,,,,,,,5.251,1.95,2.686,,,,,,,,,,,,,,,,,,,,356.3,0.32,5.778,
(Zr41Ti14Cu12.5Ni10Be22.5)98Y2,,,,,107.3,18.31,,,,40.2,,,,,108.7,2.71,,,,,,,,,,,,,5.263,2.01,2.619,,,,,,,,,,,,,,,,,,,,339.2,0.34,5.86,
Zr41Ti14Cu12.5Ni8Be22.5Fe2,,,,,97.8,16.08,,,,36.1,,,,,112.3,3.11,,,,,,,,,,,,,5.135,2.11,2.436,,,,,,,,,,,,,,,,,,,,321.5,0.355,6.083,
Zr41Ti14Cu12.5Ni5Be22.5Fe5,,,,,98.4,16.11,,,,36.3,,,,,112.3,3.09,,,,,,,,,,,,,5.13,2.1,2.439,,,,,,,,,,,,,,,,,,,,322.4,0.354,6.108,
Zr41Ti14Cu12.5Ni2Be22.5Fe8,,,,,93.8,15.79,,,,35,,,,,98.4,2.81,,,,,,,,,,,,,4.942,2.04,2.427,,,,,,,,,,,,,,,,,,,,317.4,0.341,5.938,
Zr41Ti14Cu12.5Be22.5Fe10,,,,,103.9,17.08,,,,38.7,,,,,109.8,2.84,,,,,,,,,,,,,5.151,2.04,2.522,,,,,,,,,,,,,,,,,,,,332.8,0.342,6.086,
Zr36Ti14Cu12.5Ni5Be20.5Fe12,,,,,92.7,14.21,,,,34,,,,,113.4,3.34,,,,,,,,,,,,,4.933,2.16,2.283,,,,,,,,,,,,,,,,,,,,310.2,0.364,6.52,
Zr53Ti5Cu20Ni12Al10,84.8,37.3,106.9,2.86,86,12.74,,,,31.3,,,,,112.3,3.58,,668,,,,723,,,,,,,4.7774,2.22,2.155,54,,48,,10,,,,2.32,-0.32,22,,,2.94,,,,,,276,0.37,6.749,
(Zr58.9Ti5.6Cu22.2Ni13.3)88Al12,,,,,91,13.59,,,,33.4,,,,,111.4,3.34,,,,,,,,,,,,,4.825,2.16,2.232,,,,,,,,,,,,,,,,,,,,286.2,0.36,6.696,
(Zr59Ti6Cu22Ni13)85.7Al14.3,,,,,92.7,14.03,,,,34,,,,,112.7,3.31,,,,,,,,,,,,,4.89,2.15,2.269,,,,,,,,,,,,,,,,,,,,291.1,0.363,6.608,
Zr53Ti5Cu20Ni12Al15,,,,,92.1,14.02,,,,33.8,,,,,112.3,3.32,,,,,,,,,,,,,4.893,2.16,2.268,,,,,,,,,,,,,,,,,,,,290.5,0.36,6.572,
(Zr58.9Ti5.6Cu22.2Ni13.3)84Al16,,,,,95.8,14.62,,,,35.3,,,,,113.3,3.21,,,,,,,,,,,,,4.946,2.13,2.319,,,,,,,,,,,,,,,,,,,,297.9,0.36,6.553,
Zr52.5Ti5Cu17.9Ni14.6Al10,,,,,88.6,13.16,,,,32.3,,,,,114.1,3.53,,,,,,,,,,,,,4.833,2.2,2.191,,,,,,,,,,,,,,,,,,,,280.7,0.37,6.73,
Zr40Mg0.5Ti15Cu11Ni11Be21.5Y1,,,,,94.2,15.58,,,,34.7,,,,,109.9,3.16,,,,,,,,,,,,,5.081,2.12,2.396,,,,,,,,,,,,,,,,,,,,315.3,0.357,6.048,
Zr48Nb8Cu14Ni12Be18,,,,,94,14.02,,,,34.4,,,,,118.4,3.45,,656,,,,721,,,,,,,4.95,2.19,2.264,18.4,,19.2,,9.9,,,,5.5,8.7,,-2.7,,0.98,,,,,,295.2,0.368,6.7,
Zr45Nb10Cu13Ni10Be22,,,,,98.9,15.16,,,,36.4,,,,,117.9,3.24,,,,,,,,,,,,,5.05,2.14,2.361,,,,,,,,,,,,,,,,,,,,308.2,0.36,6.523,
Zr45Nb8Cu13Ni4Be22Fe8,,,,,95.5,14.59,,,,35.1,,,,,114.9,3.28,,,,,,,,,,,,,4.97,2.15,2.315,,,,,,,,,,,,,,,,,,,,304,0.361,6.543,
Zr48Nb8Cu12Be24Fe8,100.4,45.6,116.1,2.55,95.7,14.87,,,,35.2,,,,,113.6,3.23,,,,,,,,,,,,,4.994,2.14,2.338,,,,,,,,,,,,,,,,,,,,305.4,0.36,6.436,
Zr60Nb3Cu14Ni13Al10,,,,,85.4,12.69,,,,31.1,,,,,112.3,3.61,,,,,,,,,,,,,4.78,2.22,2.15,,,,,,,,,,,,,,,,,,,,270.8,0.373,6.73,
Zr55Nb9Cu15Ni11Al10,,,,,95,13.82,,,,34.8,,,,,117.3,3.37,,,,,,,,,,,,,4.88,2.17,2.25,,,,,,,,,,,,,,,,,,,,284.5,0.365,6.875,
(Zr55Nb9Cu15Ni11Al10)99B1,,,,,82.3,12.18,,,,30,,,,,108.2,3.61,,,,,,,,,,,,,4.681,2.22,2.106,,,,,,,,,,,,,,,,,,,,279,0.373,6.76,
Zr52.7Nb5Cu17.9Ni14.6Al10,,,,,82.9,12.46,,,,30.2,,,,,109.7,3.64,,,,,,,,,,,,,4.747,2.23,2.129,,,,,,,,,,,,,,,,,,,,,0.37,6.651,
(ZrNb)72.8(CuNiAl)27.2,,,,,73.2,10.97,,,,26.4,,,,,106.2,4.02,,,,,,,,,,,,,4.604,2.31,1.99,,,,,,,,,,,,,,,,,,,,,0.385,6.675,
(ZrNb)73.4(CuNiAl)26.6,,,,,71.4,10.71,,,,25.9,,,,,96.7,3.73,,,,,,,,,,,,,4.437,2.25,1.972,,,,,,,,,,,,,,,,,,,,,0.377,6.67,
(ZrNb)70.7(CuNiAl)29.3,,,,,76.1,11.46,,,,27.6,,,,,105.8,3.84,,,,,,,,,,,,,4.633,2.27,2.038,,,,,,,,,,,,,,,,,,,,,0.38,6.643,
Zr58Ni26.6Al15.4,,,,,88.9,13.63,,,,32.4,,,,,114.8,3.54,,,,,,,,,,,,,4.922,2.21,2.23,,,,,,,,,,,,,,,,,,,,283,0.371,6.522,
Zr55.8Ni24.8Al19.4,,,,,94.3,14.9,,,,34.6,,,,,113.9,3.29,,,,,,,,,,,,,5.029,2.15,2.339,,,,,,,,,,,,,,,,,,,,296.2,0.362,6.328,
Zr53Ni23.5Al23.5,,,,,101.2,16.41,,,,37.4,,,,,115.1,3.07,,,,,,,,,,,,,5.169,2.1,2.462,,,,,,,,,,,,,,,,,,,,312.1,0.353,6.171,
Zr45.25Cu46.25Al7.5Sn1,,,,,97.3,,,,,37.5,,,,,118,,,,,,,,,,,,,,,,,,,,,,,,,,,,,,,,,,,,,,,
(Zr55Al15Ni10Cu20)98Y2,,,,,92.1,14.03,,,,33.8,,,,,110.6,3.27,,,,,,,,,,,,,4.87,2.14,2.27,,,,,,,,,,,,,,,,,,,,287.7,0.361,6.56,
(Zr55Al15Ni10Cu20)96Y4,,,,,85.9,13.34,,,,31.5,,,,,104.8,3.32,,,,,,,,,,,,,4.774,2.16,2.212,,,,,,,,,,,,,,,,,,,,278.3,0.363,6.44,
Zr61.88Al10Ni10.12Cu18,,,,,80.1,12.05,,,,29.1,,,,,108.3,3.72,,,,,,,,,,,,,4.704,2.25,2.092,,,,,,,,,,,,,,,,,,,,262.9,0.377,6.649,
Zr61.88Al10Ni10.12Cu18,,,,,80.5,12.08,,,,29.3,,,,,107.7,3.68,,,,,,,,,,,,,4.693,2.24,2.096,,,,,,,,,,,,,,,,,,,,263.5,0.375,6.664,
Zr64.13Al10Ni10.12Cu15.75,,,,,78.4,11.87,,,,28.5,,,,,106.6,3.75,,,,,,,,,,,,,4.679,2.254,2.076,,,,,,,,,,,,,,,,,,,,259.6,0.377,6.604,
Zr65.025Cu14.85Ni10.125Al10,,,,,78.2,11.87,,,,28.4,,,,,104.4,3.67,,,,,,,,,,,,,4.648,2.24,2.078,,,,,,,,,,,,,,,,,,,,259.2,0.375,6.585,
Zr62.325Cu17.55Ni10.125Al10,,,,,81,12.13,,,,29.5,,,,,108.4,3.68,,,,,,,,,,,,,4.702,2.24,2.1,,,,,,,,,,,,,,,,,,,,264.1,0.375,6.678,
Zr62.325Cu17.55Ni10.125Al10,,,,,82,12.27,,,,29.9,,,,,108.3,3.63,,,,,,,,,,,,,4.706,2.23,2.113,,,,,,,,,,,,,,,,,,,,266,0.373,6.685,
Zr61Cu18.3Ni12.8Al7.9,,,,,79.1,11.59,,,,28.9,,,,,101.4,3.5,,,,,,,,,,,,,4.527,2.2,2.057,,,,,,,,,,,,,,,,,,,,260.2,0.37,6.824,
Zr61Cu17.8Ni12.8Al7.9Sn0.5,,,,,78.8,11.62,,,,28.8,,,,,101.3,3.5,,,,,,,,,,,,,4.537,2.2,2.059,,,,,,,,,,,,,,,,,,,,259.6,0.37,6.784,
Zr61Cu16.8Ni12.8Al7.9Sn1.5,,,,,77.3,11.38,,,,28.4,,,,,92.9,3.27,,,,,,,,,,,,,4.387,2.15,2.043,,,,,,,,,,,,,,,,,,,,256.9,0.362,6.794,
Zr61Cu16.3Ni12.8Al7.9Sn2,,,,,81.9,12.08,,,,30.1,,0.3,14.6,,99.8,3.32,37.6,,,,,,,,,,,,4.542,2.16,2.105,,,,,,,,,,,,,,,,,,,,264.2,0.363,6.779,
Zr61Cu15.8Ni12.8Al7.9Sn2.5,,,,,81.5,11.95,,,,29.8,,,,,102.1,3.42,,,,,,,,,,,,,4.561,2.18,2.09,,,,,,,,,,,,,,,,,,,,262.7,0.367,6.819,
Zr60.525Cu19.35Ni10.125Al10,,,,,82,12.24,,,,29.8,,,,,109,3.65,,,,,,,,,,,,,4.712,2.23,2.11,,,,,,,,,,,,,,,,,,,,266.2,0.374,6.701,
Zr62Al10Ni12.6Cu15.4,,,,,79.7,12.04,,,,28.9,,,,,109,3.77,,,,,,,,,,,,,4.723,2.26,2.09,,,,,,,,,,,,,,,,,,,,262.3,0.378,6.615,
Zr35Ti30Cu7.5Be27.5,,,,,92.5,17.36,,,,34.5,,,,,96.5,2.79,,,,,,,,,,,,,5.172,2.03,2.545,,,,,,,,,,,,,,,,,,,,,0.34,5.329,
Zr33Ti30Cu7.5Be27.5Al2,,,,,97.7,18.57,,,,36.7,,,,,97.2,2.65,,,,,,,,,,,,,5.27,2,2.64,,,,,,,,,,,,,,,,,,,,,0.332,5.26,
Zr30Ti30Cu7.5Be27.5Al5,,,,,105.1,20.5,,,,39.7,,,,,98.3,2.48,,,,,,,,,,,,,5.429,1.95,2.782,,,,,,,,,,,,,,,,,,,,,0.322,5.134,
Zr25Ti30Cu7.5Be27.5Al10,,,,,114.8,23.3,,,,43.7,,,,,101.7,2.33,,,,,,,,,,,,,5.7,1.91,2.98,,,,,,,,,,,,,,,,,,,,,0.312,4.926,
Zr50Cu25Be25,,,,,96.8,15.8,,,,35.8,,,,,108.9,3.04,,633,,,,,,,,,,,,,,,,,,,,,,,,,,,,,,,,,,0.35,6.12,
Zr50Cu43Ag7,,,,,90.5,,,,,32.8,,,,,124.7,3.8,,,,,,,,,,,,,,,,,,,,,,,,,,,,,,,,,,,,0.379,,
Zr35Ti30Cu8.25Be26.75,,,,,86.9,16.1,,,,31.8,,0.285,96.1,,113.7,3.57,85,578,,,,,,,,,66,66,,,,,,,,,,,,,,,,,,,,,,,,0.37,5.4,
Pd39Ni10Cu30P21,,,,,98.6,10.8,,,,35.3,,,,,159.4,4.52,,,,,,,,,,,,,4.75,2.42,1.963,,1.38,,1.34,,1.98,0.75,0.51,,,,,0.15,,0.32,,,,,279.6,0.397,9.152,
Pd40Ni10Cu30P20,,,,,99.8,10.77,87.4,13.2,21.7,35.5,,,,5,172.6,4.86,,560,,,,,,,,,,,4.874,2.49,1.959,,,,,,,,,,,,,,,,,,,,279.4,0.404,9.259,1.52
Pd80P20,,,,,80.5,7.88,,,,28.2,,,,,160,5.67,,607,,,,,,,,,,,4.3,2.63,1.63,,,,,,,,,,,,,,,,,,,,,0.416,10.22,
Pd64Ni16P20,,,,,93.5,9.26,,,,32.8,,,,,172,5.24,,,,,,,,,,,,,4.56,2.55,1.79,,,,,,,,,,,,,,,,,,,,,0.41,10.08,
Pd40Ni40P20,,,,,105,11.16,101.3,13.1,22.1,36.5,,,,5.3,175,4.79,,583,,,,,,,0.064,0.019,54,41,4.9,2.5,1.96,,,,,,,,,,,,,,,,2.59,3.3,2.23,,292,0.4,9.405,1.7
Pd16Ni64P20,,,,,105.8,12.09,,,,37.9,,,,,169.8,4.48,,,,,,,,,,,,,5.017,2.41,2.08,,,,,,,,,,,,,,,,,,,,,0.396,8.75,
Pd64Fe16P20,,,,,93,9.26,,,,33.1,,,,,161.9,4.9,,630,,,,,,,,,,,4.53,2.49,1.816,,,,,,,,,,,,,,,,,,,,256,0.404,10.04,
Pd56Fe24P20,,,,,96,9.7,,,,34.3,,,,,161.2,4.9,,,,,,,,,,,,,4.572,2.45,1.86,,,,,,,,,,,,,,,,,,,,,0.401,9.9,
Pd81Si19,,,,,94.5,8.91,,,,33.4,,,,,182.6,5.46,,,,,,,,,,,,,4.627,2.61,1.775,,,,,,,,,,,,,,,,,,,,246.3,0.414,10.61,
Pd77.5Si16.5Cu6,,,,,92.9,8.93,105.1,90.1,96.4,32.9,,,,4.5,174.6,5.29,,630,,,,,,,,,73,52,4.584,2.58,1.779,,,,,,,,,,,,,,,,,,,,252,0.411,10.4,1.55
Pd79Ag3.5P6Si9.5Ge2,,,,,,,,,,31,,0.18,,,172,5.54,200,,,,,,,,,,,,,,,,,,,,,,,,,,,,,,,,,,,0.42,,
Pt60Ni15P25,,,,,96.1,6.12,106.1,12,18.4,33.8,,,,4.1,201.9,5.94,,485,,,,,,,,,68,86,3.965,2.67,1.467,,,,,,,,,,,,,,,,,,,,205,0.421,15.71,
Pt57.5Cu14.7Ni5.3P22.5,,,,,94.8,6.31,,,,33.3,,0.167,90,,198.7,5.97,84,508,,,,,,,,,,68,4,2.7,1.481,,,,,,,,,,,,,,,,,,,,206,0.42,15.02,1.4
Pt74.7Cu1.5Ag0.3P18B4Si1.5,,,,,,,,,,32.4,,0.15,,3.95,216.7,6.69,125,479,,,,,,,,,,,,,,,,,,,,,,,,,,,,,,,,,,0.43,17.23,1.2
Au49Ag5.5Pd2.3Cu26.9Si16.3,,,,,74.4,,83.2,74.7,78.9,26.5,,,,,132.3,5,,401,,,,,,,,,,70,,,,,,,,,,,,,,,,,,,,,,,,0.406,,
Cu50Zr50,89.3,39.1,114.3,2.92,85,11.48,88.9,81,89.3,31.3,,,,5.8,101.2,3.22,,733,,,,,,,,,,62,,,,,,,,,,,,,,,,,,,,,,,231,0.36,7.404,1.92
(Cu50Zr50)96Al4,88.3,38.3,112.1,2.92,88.7,12.3,88.2,80.5,88.3,32.4,,,,,113.7,3.51,,,,,,,,,,,,,4.661,2.2,2.118,,,,,,,,,,,,,,,,,,,,274.6,0.37,7.221,
(Cu50Zr50)94.5Al5.5,,,,,89,12.4,,,,32.4,,,,,115.6,3.56,,,,,,,,,,,,,4.706,2.21,2.126,,,,,,,,,,,,,,,,,,,,276.3,0.372,7.174,
(Cu50Zr50)94Al6,,,,,92.4,12.96,,,,33.8,,,,,113.8,3.36,,,,,,,,,,,,,4.722,2.17,2.179,,,,,,,,,,,,,,,,,,,,282.4,0.365,7.129,
(Cu50Zr50)92Al8,,,,,93.7,13.24,87.4,80,87.4,34.3,,,,,116.4,3.39,,,,,,,,,,,,43,4.787,2.17,2.202,,,,,,,,,,,,,,,,,,,,286,0.366,7.076,
(Cu50Zr50)90Al10,,,,,99.1,13.76,,,,36.3,,,,,121.4,3.34,,,,,,,,,,,,,4.855,2.16,2.246,,,,,,,,,,,,,,,,,,,,294.8,0.364,7.204,
(Cu50Zr50)92Al7Gd1,,,,,90.6,12.71,,,,32.9,,,,,123.7,3.76,,,,,,,,,,,,29,4.848,2.26,2.148,,,,,,,,,,,,,,,,,,,,278.7,0.38,7.127,
Cu45Zr45Al7Gd3,,,,,89,12.42,,,,32.4,,,,,117.1,3.62,,,,,,,,,,,,,4.731,2.22,2.127,,,,,,,,,,,,,,,,,,,,274.1,0.373,7.162,
Cu50Zr45Al5,,,,,91.2,12.63,,,,33.3,,,,5.4,117.3,3.52,,701,,,,,,,,,,,4.731,2.2,2.147,,,,,,,,,,,,,,,,,,,,278,0.37,7.223,1.89
Cu46Zr42Al7Y5,,,,,80,11.52,,,,29.1,,,,,106.8,3.67,,,,,,,,,,,,49,4.578,2.24,2.047,,,,,,,,,,,,,,,,,,,,264.2,0.375,6.946,
Cu46Zr44Al7Y3,,,,,87.7,14.8,,,,32,,,,,112.1,3.5,,,,,,,,,,,,,4.694,2.2,2.135,,,,,,,,,,,,,,,,,,,,276.12,0.37,7.026,
(Cu46Zr42Al7Y5)96Cr4,,,,,85.7,12.24,,,,31.2,,,,,114.3,3.66,,,,,,,,,,,,,4.719,2.24,2.11,,,,,,,,,,,,,,,,,,,,274.1,0.375,7.001,
(Cu46Zr42Al7Y5)96Sn4,,,,,92.9,13.17,,,,34.4,,,,,103.2,3,,,,,,,,,,,,,4.597,2.08,2.209,,,,,,,,,,,,,,,,,,,,283.3,0.35,7.053,
Cu60Zr20Hf10Ti10,103.1,41.4,122.3,2.96,101.1,12.16,,,,36.9,,0.288,38,,128.2,3.47,67,734,,,,782,5.12,,0.063,0.016,,,4.62,2.19,2.108,21.9,1.24,24.2,1.17,2.4,1.97,0.68,0.39,3.8,11,11,-7,0.27,0.58,0.39,1.59,2.1,1.34,2.4,282,0.369,8.315,
Cu60Zr29Ti10Sn1,,,,,95.5,12.89,,,,36.6,,,,,100.7,2.75,,,,,,,,,,,,,4.472,2.04,2.191,,,,,,,,,,,,,,,,,,,,292,0.342,7.408,
Fe65.5Cr4Mo4Ga4P12C5B5.5,,,,,149.7,20.5,157,16.2,26.1,58.5,,,,,113.4,1.94,,,,,,,,,,,,,5.12,1.81,2.83,,,,,,,,,,,,,,,,,,,,416.9,0.28,7.3,
Fe48Cr15Mo14C15B6Er2,,,,,224,28.36,,,,85.8,,0.42,0.722,,191.9,2.24,12.7,,,,,,,,,,,,6.228,1.89,3.296,,,,,,,,,,,,,,,,,,,,488.5,0.305,7.897,
Fe60Cr10Mo9C13B6Er2,,,,,205.5,25.96,,,,79.2,,,,,169.1,2.14,,,,,,,,,,,,,5.891,1.86,3.163,,,,,,,,,,,,,,,,,,,,471.4,0.3,7.916,
Fe64Cr10Mo9C15Er2,,,,,224.9,28.13,,,,88.2,,,,,166.8,1.89,,,,,,,,,,,,,5.964,1.8,3.321,,,,,,,,,,,,,,,,,,,,489.61,0.275,7.994,
(Fe60Cr10Mo9C13B6Er2)95Ni5,,,,,199.2,25.11,,,,76.6,,,,,166.6,2.18,,,,,,,,,,,,,5.82,1.87,3.107,,,,,,,,,,,,,,,,,,,,462.75,0.301,7.934,
(Fe60Cr10Mo9C13B6Er298)In2,,,,,194.1,25.06,,,,76.3,,,,,142.2,1.86,,,,,,,,,,,,,5.609,1.79,3.137,,,,,,,,,,,,,,,,,,,,459.28,0.272,7.752,
(Fe60Cr10Mo9C13B6Er2)98Be2,,,,,205.1,26.25,,,,79.2,,,,,167.2,2.11,,,,,,,,,,,,,5.908,1.86,3.183,,,,,,,,,,,,,,,,,,,,474.84,0.296,7.813,
(Fe60Cr10Mo9C13B6Er2)95Be5,,,,,204.4,26.8,,,,78.8,,,,,167.9,2.13,,,,,,,,,,,,,5.982,1.86,3.214,,,,,,,,,,,,,,,,,,,,479.83,0.297,7.628,
(Fe60Cr10Mo9C13B6Er2)98Pb2,,,,,206.7,25.91,,,,79.6,,,,,170.7,2.14,,,,,,,,,,,,,5.891,1.86,3.159,,,,,,,,,,,,,,,,,,,,463.23,0.298,7.977,
(Fe60Cr10Mo9C13B6Y2)98V2,,,,,203.7,26.41,,,,78.1,,,,,172.7,2.21,,,,,,,,,,,,,5.991,1.88,3.183,,,,,,,,,,,,,,,,,,,,475.4,0.303,7.714,
Fe41Co7Cr15Mo14C15B6Y2,,,,,220.2,27.86,,,,84.1,,,,,192.5,2.29,,,,,,,,,,,,,6.208,1.9,3.262,,,,,,,,,,,,,,,,,,,,487.9,0.309,7.904,
Fe68Cr3Mo10P6C10B3,,,,,180,,,,,67.7,,,,9,172,2.54,,714,,,,,,,,,,,,,,,,,,,,,,,,,,,,,,,,,,0.326,,3.1
Fe63Cr3Mo10P12C7B5,,,,,173,,,,,65.2,,,,,174,2.67,,,,,,,,,,,,,,,,,,,,,,,,,,,,,,,,,,,,0.333,,
Fe70Mo5Ni5P12.5C5B2.5,,,,,,,,,,57.31,,,,,150.1,,,,,,,,,,,,,,,,,,,,,,,,,,,,,,,,,,,,,,,
Ni80P20,,,,,102.5,12.61,,,,36.7,,,,,161,4.31,,,,,,,,,,,,,5.06,2.38,2.13,,,,,,,,,,,,,,,,,,,,342,0.394,8.13,
Co58Ta7B35,,,,,240.6,26.8,,,,91.5,,,,,215.7,2.38,,,,,,,,,,,,,,,,,,,,,,,,,,,,,,,,,,,,0.315,8.96,
Co56Ta9B35,,,,,246.9,26.6,,,,93.8,,,,15.4,224.1,2.38,,945,,,,,,,,,,,,,,,,,,,,,,,,,,,,,,,,,,0.315,9.265,5.8
Ta42Ni36Co22,,,,,170,,,,,,,,,9.7,,,,983,,,,,,,,,,,,,,,,,,,,,,,,,,,,,,,,,,,12.98,2.7
Ti40Zr25Ni3Cu12Be20,,,,,96.5,17.66,118.7,98.6,112.4,35.5,,,,,109.6,3.09,,,,,,,,,,,,,5.369,2.1,2.554,,,,,,,,,,,,,,,,,,,,338,0.354,5.445,
Ti45Zr20Be35,,,,,96.8,21,,,,35.7,,,,,111.4,3.12,,597,,,,,,,,,,,,,,,,,,,,,,,,,,,,,,,,,,0.36,4.59,1.86
Ti45Zr20Be30Cr5,,,,,105.6,22.2,,,,39.2,,,,,114.5,2.92,,602,,,,,,,,,,,,,,,,,,,,,,,,,,,,,,,,,,0.35,4.76,1.72
Hf48Cu29.25Ni9.75Al13,,,,,116.4,,,,,43.1,,,,,128.9,,,,,,,,,,,,,,,,,,,,,,,,,,,,,,,,,,,,,0.349,11,
Hf62Ni9.75Al13,,,,,112,,,,,41.3,,,,,128.8,,,,,,,,,,,,,,,,,,,,,,,,,,,,,,,,,,,,,0.355,11.1,
Hf46Nb2Cu29.25Ni9.75Al13,,,,,116.5,,,,,43.1,,,,,130.3,,,,,,,,,,,,,,,,,,,,,,,,,,,,,,,,,,,,,0.351,11.8,
Hf49Ta2Cu27.75Ni9.25Al12,,,,,114.6,,,,,42.4,,,,,127.6,,,,,,,,,,,,,,,,,,,,,,,,,,,,,,,,,,,,,0.35,11.3,
Mg65Cu25Tb10,55.1,20.8,53.2,2.55,51.3,12.9,,,,19.6,,0.439,0.07,2.83,44.7,2.28,2,417,,,,487,,,,,,,4.22,1.9,2.22,20.8,,22.2,,12.3,,,,7.5,10.3,10.3,-4.8,,0.4,,,,,,272.9,0.309,3.979,0.8
Mg60Cu25Gd15,,,,,52.2,12.38,,,,19.9,,,,,46.6,2.34,,,,,,,,,,,,,4.164,1.92,2.171,,,,,,,,,,,,,,,,,,,,261,0.313,4.22,
Mg65Cu25Gd10,,,,,50.6,13.34,57.5,50.3,54.4,19.3,,,,,45.1,2.34,,,,,,,,,,,,41,4.319,1.92,2.254,,,,,,,,,,,,,,,,,,,,273.8,0.31,3.794,
(Mg65Cu25Gd10)99Ti1,,,,,52.3,13.28,,,,19.9,,,,,47.8,2.41,,,,,,,,,,,,,4.341,1.93,2.245,,,,,,,,,,,,,,,,,,,,275.7,0.317,3.94,
(Mg65Cu25Gd10)97Ti3,,,,,50,13.13,,,,19.1,,,,,44.1,2.31,,,,,,,,,,,,,4.272,1.91,2.238,,,,,,,,,,,,,,,,,,,,271.6,0.311,3.811,
(Mg65Cu25Gd10)95Ti5,,,,,51.8,13.17,,,,19.8,,,,,44.6,2.25,,,,,,,,,,,,,4.25,1.89,2.245,,,,,,,,,,,,,,,,,,,,275.2,0.306,3.936,
(Mg65Cu25Gd10)99Sn1,,,,,50.8,13.1,,,,19.4,,,,,44.9,2.32,,,,,,,,,,,,,4.269,1.91,2.235,,,,,,,,,,,,,,,,,,,,271.5,0.311,3.881,
(Mg65Cu25Gd10)97Sn3,,,,,52,12.9,,,,19.9,,,,,45.42,2.29,,,,,,,,,,,,,4.225,1.9,2.22,,,,,,,,,,,,,,,,,,,,270.4,0.309,4.027,
Mg58Cu27Y10Zn5,,,,,55.2,15.5,,,,21.3,,,,,44.8,2.1,,,,,,,,,,,,,4.536,1.85,2.447,,,,,,,,,,,,,,,,,,,,298.3,0.295,3.558,
Mg60Cu25Gd10Zn5,,,,,54,13.28,,,,20.6,,,,,46.7,2.26,,,,,,,,,,,,,4.274,1.9,2.254,,,,,,,,,,,,,,,,,,,,275.47,0.307,4.062,
Mg55Cu25Ag10Gd10,,,,,61.7,12.53,,,,23.6,,,,,53.5,2.27,,,,,,,,,,,,,4.156,1.9,2.189,,,,,,,,,,,,,,,,,,,,273.7,0.308,4.919,
Mg58.5Cu30.5Y11,,,,,53.9,15.19,,,,20.4,,,,,49.4,2.42,,,,,,,,,,,,,4.649,1.94,2.4,,,,,,,,,,,,,,,,,,,,292.5,0.318,3.547,
Mg57Cu31Y6.6Nd5.4,,,,,54.4,14.28,,,,20.7,,,,,48.3,2.42,,,,,,,,,,,,,4.465,1.91,2.333,,,,,,,,,,,,,,,,,,,,283.6,0.312,3.809,
Mg57Cu34Nd9,,,,,54.2,,,,,20.5,,,,,50.7,,,,,,,,,,,,,,,,,,,,,,,,,,,,,,,,,,,,,0.322,4.1,
Mg64Ni21Nd15,,,,,47.4,,,,,17.9,,,,,44.8,,,,,,,,,,,,,,,,,,,,,,,,,,,,,,,,,,,,,0.324,3.7,
Ca50Mg20Cu30,,,,,33.2,,,,,12.6,,,,,29,,,,,,,,,,,,,,,,,,,,,,,,,,,,,,,,,,,,,0.311,,
Ca48Mg27Cu25,,,,,29.8,,,,,12.2,,,,,18.8,1.56,,,,,,,,,,,,,3.81,1.7,2.24,,,,,,,,,,,,,,,,,,,,,0.236,2.4,
Ca65Mg8.54Li9.96Zn16.5,,,,,23.4,11.95,,,,9,,,,,20.2,2.25,,,,,,,,,,,,,4.05,1.89,2.139,,,,,,,,,,,,,,,,,,,,220.7,0.307,1.956,
Ca65Mg8.31Li9.69Zn17,,,,,23.2,11.69,,,,9,,,,,18.5,2.05,,,,,,,,,,,,,3.915,1.84,2.127,,,,,,,,,,,,,,,,,,,,219.6,0.291,1.983,
Ca55Mg25Cu20,,,,,27.98,12.6,,,,10.81,,,,,22.6,2.09,,,,,,,,,,,,,,,,,,,,,,,,,,,,,,,,,,,,0.294,2.221,
(CaCu)75Mg25,,,,,37.4,11.87,,,,14.4,,,,,31.1,2.16,,,,,,,,,,,,,,,,,,,,,,,,,,,,,,,,,,,,0.299,3.149,
(CaCu)70Mg30,,,,,37.9,12.36,,,,14.48,,,,,33.3,2.3,,,,,,,,,,,,,,,,,,,,,,,,,,,,,,,,,,,,0.31,3.069,
Sr60Mg18Zn22,,,,,19.7,6.48,,,,7.71,,,,,14.6,1.89,,,,,,,,,,,,,2.862,1.8,1.592,,,,,,,,,,,,,,,,,,,,156,0.276,3.04,
Sr60Li5Mg15Zn20,,,,,18.4,6.14,,,,7.02,,,,0.95,16.1,2.29,,331,,,,,,,,,,,2.918,1.91,1.531,,,,,,,,,,,,,,,,,,,,151,0.31,2.99,0.3
Sr50Mg20Zn20Cu10,,,,,22.9,7.02,,,,8.97,,,,,17.1,1.91,,,,,,,,,,,,,2.983,1.8,1.658,,,,,,,,,,,,,,,,,,,,169,0.276,3.26,
Sr60Mg20Zn15Cu5,,,,,19.9,6.46,,,,7.76,,,,,15.3,1.97,,,,,,,,,,,,,2.905,1.86,1.598,,,,,,,,,,,,,,,,,,,,157,0.283,3.04,
Sr40Yb20Mg20Zn15Cu5,,,,,20.6,5.22,,,,7.88,,,,,17.6,2.23,,,,,,,,,,,,,2.668,1.89,1.413,,,,,,,,,,,,,,,,,,,,142,0.305,3.95,
Sr20Ca20Yb20Mg20Zn20,,,,,22.8,6.4,,,,8.89,,,,,17.5,1.97,,,,,,,,,,,,,2.872,1.82,1.58,,,,,,,,,,,,,,,,,,,,158,0.283,3.56,
Zn40Mg11Ca31Yb18,,,,,28.8,,,,,,,,,1.8,,,,396,,,,,,,,,,,,,,,,,,,,,,,,,,,,,,,,,,0.259,4.3,0.66
Zn20Ca20Sr20Yb20Li11Mg9,,,,,16,4.44,,,,6.3,,,,0.82,12,1.9,,323,,,,,,,,,,,,,,,,,,,,,,,,,,,,,,,,,336.8,0.28,3.6,0.4
Sc36Al24Co20Y20,,,,,85.2,20.21,,,,32.3,32.3,,,,77.6,2.4,,662,1048,,0.63,760,,3,,,,,5.351,1.93,2.77,,,,,,,,,,,,,,,,,,,,188.3,0.317,4.214,
Ce60Al15Ni15Cu10,,,,,48,7.19,,,,18.7,,,,,36.6,1.95,,,,,,,,,,,,,3.037,1.81,1.676,,,,,,,,,,,,,,,,,,,,145.6,0.281,6.669,
Ce65Al10Ni10Cu10Nb5,,,,,30.9,4.57,,,,11.6,,,,,29.8,2.56,,,,,,,,,,,,,2.589,1.97,1.312,,,,,,,,,,,,,,,,,,,,145,0.327,6.759,
Ce68Al10Cu20Nb2,,,,,31,4.59,,,,11.7,,,,,30.1,2.58,,,,,,,,,,,,,2.601,1.98,1.315,,,,,,,,,,,,,,,,,,,,146.1,0.328,6.738,
Ce68Al10Cu20Co2,,,,,31.3,4.64,,,,11.8,,,,,30.3,2.57,,,,,,,,,,,,,2.612,1.97,1.322,,,,,,,,,,,,,,,,,,,,147.4,0.328,6.752,
Ce68Al10Cu20Ni2,,,,,31.9,4.73,,,,12,,,,,31.8,2.65,,,,,,,,,,,,,2.659,2,1.332,,,,,,,,,,,,,,,,,,,,149.4,0.332,6.753,
Ce68Al10Cu20Fe2,42,17,30,1.76,32.8,4.85,,,,12.3,11.8,,,,31.6,2.56,,352,708,,0.5,423,,5,,,,,2.668,1.97,1.352,,,,,,,,,,,,,,,,,,,,144,0.327,6.74,
Ce70Al10Ni10Cu10,,,,,30.3,4.54,46.7,37.5,42.9,11.5,,0.427,3,1.5,27,2.34,10,359,,,,377,-3.33,,-0.133,-0.007,,21,2.521,1.92,1.315,43.5,0.34,47,1.3,22.9,-6.08,-2.66,-0.29,13,21,20.6,-9.9,-3.91,0.6,1.89,-0.23,-1.11,0.2,-1.831,142.2,0.313,6.67,0.4
Ce70Al10Cu20,,,,,29.9,4.46,,,,11.3,,,,,29.2,2.59,,,,,,,,,,,,,2.568,1.98,1.296,,,,,,,,,,,,,,,,,,,,166.7,0.329,6.699,
Ce60Al20Cu20,,,,,37.5,5.83,,,,14.3,,,,,33.5,2.34,,,,,,,,,,,,,2.857,1.92,1.49,,,,,,,,,,,,,,,,,,,,158.9,0.313,6.431,
(Ce0.72Cu0.28)90Al10,,,,,36.3,5.42,,,,17.7,,,,,34.3,2.5,,,,,,,,,,,,,2.801,1.96,1.431,,,,,,,,,,,,,,,,,,,,143.6,0.323,6.7,
Ce69.8Al10Cu20Co0.2,,,,,30.8,4.58,,,,11.5,,,,,31.2,2.71,,,,,,,,,,,,,2.631,2.01,1.309,,,,,,,,,,,,,,,,,,,,144.8,0.335,6.733,
Ce69.5Al10Cu20Co0.5,,,,,31.1,4.61,,,,11.6,,,,,31.3,2.68,,,,,,,,,,,,,2.634,2.01,1.314,,,,,,,,,,,,,,,,,,,,145.1,0.334,6.744,
Ce69Al10Cu20Co1,,,,,31.3,4.63,,,,11.68,,,,,31.07,2.66,,,,,,,,,,,,,2.629,2,1.315,,,,,,,,,,,,,,,,,,,,161.5,0.333,6.753,
(Ce0.72Cu0.28)85Al10Fe5,,,,,36.9,5.47,,,,13.9,,,,,35.7,2.57,,,,,,,,,,,,,2.836,1.97,1.463,,,,,,,,,,,,,,,,,,,,165.6,0.328,6.747,
(Ce0.72Cu0.28)75Al10Fe15,,,,,37.4,5.44,,,,14.1,,,,,35.7,2.53,,,,,,,,,,,,,2.818,1.97,1.434,,,,,,,,,,,,,,,,,,,,188.2,0.325,6.87,
Pr55Al25Co20,,,,,45.96,7.21,,,,17.36,,,,2.58,43.46,2.5,,509,,,,,,,,,,38,3.233,1.96,1.65,,,,,,,,,,,,,,,,,,,,194.9,0.324,6.373,1.01
Nd60Al10Fe20Co10,57.2,22.2,45.9,2.07,54.09,7.67,,,,20.7,,,,2.2,46.53,2.25,,493,,,,783,3.42,,0.97,0.389,33,32,3.242,1.89,1.714,7.74,2.1,8.4,1.86,2.9,3.72,0.97,0.39,2.2,3.9,3.95,-2.8,1,0.41,1.07,0.89,1.37,0.64,,159,0.306,7.052,0.45
Nd60Al10Ni10Cu20,,,,,36.5,5.46,,,,13.5,,,,,42.8,3.17,,,,,,,,,,,,,,,,,,,,,,,,,,,,,,,,,,,188.9,0.358,6.689,
Pr55Al12Fe30Cu3,54.9,22,44.4,2.02,47.61,7.2,,,,18.2,,,,,41.38,2.27,,,,,,,,,,,,,3.15,1.9,1.659,,,,,,,,,,,,,,,,,,,,160.2,0.31,6.615,
Pr60Cu20Ni10Al10,,,,,37.17,5.39,,,,13.64,,,,,45.18,3.31,,,,,,,,,,,,,3.03,2.15,1.406,,,,,,,,,,,,,,,,,,,,165.4,0.36,6.9,
Pr60Cu17Ni8Al15,,,,,38.36,5.86,,,,14.15,,,,,44.26,3.13,,,,,,,,,,,,,3.105,2.11,1.47,,,,,,,,,,,,,,,,,,,,179.95,0.356,6.548,
Pr55Cu17Ni8Al20,,,,,42.97,6.69,,,,16.14,,,,,42.32,2.62,,,,,,,,,,,,,3.152,2.22,1.585,,,,,,,,,,,,,,,,,,,,186.6,0.331,6.426,
Pr55Cu14.3Ni5.7Al25,,,,,46.2,7.27,,,,17.24,,,,,48.16,2.79,,,,,,,,,,,,,3.346,2.16,1.647,,,,,,,,,,,,,,,,,,,,162.2,0.34,6.355,
Pr60Al10Ni10Cu18Fe2,,,,,37.8,5.53,,,,13.96,,,,,43.22,3.1,,,,,,,,,,,,,3.008,2.1,1.429,,,,,,,,,,,,,,,,,,,,163,0.354,6.834,
Pr60Al10Ni10Cu16Fe4,,,,,38.06,5.57,,,,14.09,,,,,42.56,3.02,,,,,,,,,,,,,2.996,2.09,1.436,,,,,,,,,,,,,,,,,,,,164.4,0.351,6.833,
Pr60Al10Ni10Cu14Fe6,,,,,38.61,5.67,,,,14.29,,,,,43.21,3.02,,,,,,,,,,,,,3.025,2.09,1.449,,,,,,,,,,,,,,,,,,,,177.8,0.351,6.804,
Pr60Al10Ni10Cu12Fe8,,,,,44.98,6.6,,,,16.75,,,,,47.71,2.85,,,,,,,,,,,,,3.206,1.93,1.568,,,,,,,,,,,,,,,,,,,,180,0.343,6.814,
Pr60Al10Ni10Cu10Fe10,,,,,45.91,6.74,,,,17.18,,,,,46.63,2.71,,,,,,,,,,,,,3.196,2.01,1.589,,,,,,,,,,,,,,,,,,,,183.7,0.336,6.807,
Pr60Al10Ni10Cu5Fe15,,,,,47.4,6.98,,,,17.88,,,,,45.29,2.53,,,,,,,,,,,,,3.191,1.97,1.623,,,,,,,,,,,,,,,,,,,,187.5,0.326,6.788,
Pr60Al10Ni10Cu2Fe18,,,,,48.89,7.19,,,,18.69,,,,,42.51,2.27,,,,,,,,,,,,,3.149,1.9,1.658,,,,,,,,,,,,,,,,,,,,189.7,0.308,6.8,
Pr60Al10Ni10Fe20,,,,,49.84,7.33,,,,19.16,,,,,41.63,2.17,,,,,,,,,,,,,3.143,1.87,1.679,,,,,,,,,,,,,,,,,,,,221.4,0.3,6.8,
Gd36Y20Al24Co20,,,,,62.07,9.69,73.6,63.8,68,23.53,,,,,57.22,2.43,,603,,,,,,,,,,,3.72,1.94,1.917,,,,,,,,,,,,,,,,,,,,217.9,0.319,6.402,
Gd40Y16Al24Co20,70.6,27.6,53.5,1.94,62.17,9.34,,,,23.52,,,,,57.99,2.47,,,,,,,,,,,,32,3.664,1.95,1.88,,,,,,,,,,,,,,,,,,,,208.1,0.321,6.656,
Gd51Al24Co20Zr4Nb1,,,,,61.79,8.45,,,,23.25,,,,,60.08,2.58,,,,,,,,,,,,,3.529,1.98,1.783,,,,,,,,,,,,,,,,,,,,203,0.329,7.314,
Tb55Al25Co20,,,,,59.5,7.95,,,,22.8,,,,4.42,50.2,2.2,,612,,,,,,,,,,32,3.281,1.87,1.747,,,,,,,,,,,,,,,,,,,,222,0.302,7.488,0.83
Tb36Y20Al24Co20,,,,,63.55,9.58,,,,23.98,24,,,,60.46,2.52,,619,1021,,0.62,686,,5,,,,,3.734,1.96,1.902,,,,,,,,,,,,,,,,,,,,213.3,0.325,6.63,
Sm40Y15Al25Co20,,,,,57.14,9.1,,,,21.55,21.5,,,,54.65,2.54,,590,950,,0.66,657,,3,,,,,3.645,1.97,1.853,,,,,,,,,,,,,,,,,,,,214.8,0.326,6.276,
Er55Al25Co20,,,,,70.72,8.67,,,,27.08,,,,5.45,60.7,2.24,,667,,,,,,,,,,28,3.445,1.89,1.822,,,,,,,,,,,,,,,,,,,,229,0.306,8.157,1.12
Er36Y20Al24Co20,,,,,70,10.03,,,,26.58,,,,,63.75,2.4,,,,,,,,,,,,,3.769,1.93,1.951,,,,,,,,,,,,,,,,,,,,218.4,0.317,6.982,
Er50Y6Al24Co20,,,,,71.1,9.08,,,,26.98,,,,,65.07,2.41,,,,,,,,,,,,,3.592,1.93,1.856,,,,,,,,,,,,,,,,,,,,226.5,0.318,7.831,
Ho39Al25Co20Y16,,,,,69.09,9.84,,,,26.19,,,,,63.59,2.43,,649,,,,,,,,,,49,3.745,1.94,1.931,,,,,,,,,,,,,,,,,,,,226.5,0.319,7.024,
Ho30Al24Co20Y26,,,,,68.27,10.51,,,,25.87,,,,,62.96,2.43,,,,,,,,,,,,,3.874,1.94,1.996,,,,,,,,,,,,,,,,,,,,233.2,0.319,6.494,
Ho40Al22Co22Y16,,,,,66.58,9.36,,,,25.27,,,,,60.74,2.4,,,,,,,,,,,,,3.644,1.93,1.885,,,,,,,,,,,,,,,,,,,,220.5,0.317,7.112,
Ho55Al25Co20,,,,,66.67,8.45,,,,25.43,,,,4.14,58.78,2.31,,649,,,,,,,,,,25,3.428,1.91,1.795,,,,,,,,,,,,,,,,,,,,210.2,0.311,7.888,0.87
Dy55Al25Co20,,,,,61.36,8.12,,,,23.53,,,,4.7,52.22,2.22,,635,,,,,,,,,,30,3.325,1.88,1.764,,,,,,,,,,,,,,,,,,,,204.3,0.304,7.56,0.72
Dy46Y10Al24Co18Fe2,74.1,29.3,55.8,1.9,64.23,8.91,76.6,67.3,74.1,24.39,,,,,58.46,2.4,,,,,,,,,,,,,3.552,1.93,1.839,,,,,,,,,,,,,,,,,,,,214.1,0.317,7.211,
La55Al25Co20,,,,,40.91,7.05,,,,15.41,,,,3.48,39.35,2.55,,477,,,,,,,,,,27,3.213,1.97,1.63,,,,,,,,,,,,,,,,,,,,180.9,0.327,5.802,0.99
La60Al20Co20,,,,,38.74,6.18,,,,14.51,,,,,39.17,2.7,,,,,,,,,,,,,3.056,2.01,1.521,,,,,,,,,,,,,,,,,,,,170.2,0.335,6.267,
La66Al14Cu10Ni10,47.4,17.9,37.5,2.1,35.72,5.92,,,,13.44,13.4,,,,34.91,2.6,,395,731,,0.54,449,,5,,,,,2.958,1.98,1.492,,,,,,,,,,,,,,,,,,,,160.9,0.33,6.038,
La55Al25Cu10Ni5Co5,50.8,19.1,41.3,2.16,41.71,7.06,,,,15.52,,,,3,44.41,2.86,,466,,,,,,,,,,28,3.32,2.05,1.621,,,,,,,,,,,,,,,,,,,,181.1,0.343,5.907,?0.5
La68Al10Cu20Co2,,,,,32.68,5.26,,,,12.02,,,,,38.77,3.23,,,,,,,,,,,,,2.971,2.14,1.391,,,,,,,,,,,,,,,,,,,,150.5,0.36,6.21,
Tm39Y16Al25Co20,,,,,77.5,10.62,,,,29.73,29.4,,,,66.1,2.22,,664,1140,,0.58,735,,3,,,,39,3.806,1.89,2.018,,,,,,,,,,,,,,,,,,,,238.1,0.304,7.301,
Tm55Al25Co20,,,,,72.2,7.49,,,,25.6,,,,,62,2.42,,,,,,,,,,,,,3.457,1.89,1.827,,,,,,,,,,,,,,,,,,,,216,0.306,8.274,
Tm45Y10Al25Co20,,,,,71.5,9.33,,,,27.3,,,,,62.3,2.28,,,,,,,,,,,,,3.589,1.9,1.888,,,,,,,,,,,,,,,,,,,,223,0.309,7.662,
Tm27.5Y27.5Al25Co20,,,,,68,10.5,,,,25.8,,,,,61.9,2.4,,,,,,,,,,,,,3.856,1.93,1.996,,,,,,,,,,,,,,,,,,,,234,0.317,6.476,
Tm40Zr15Al25Co20,,,,,73.8,9.59,,,,28,,,,,68.1,2.43,,,,,,,,,,,,35,3.702,1.94,1.907,,,,,,,,,,,,,,,,,,,,228,0.319,7.695,
Tm40Y15Al25Co10Ni10,,,,,79.4,9.89,,,,30.4,,,,,68.7,2.26,,,,,,,,,,,,,3.687,1.89,1.945,,,,,,,,,,,,,,,,,,,,236,0.307,8.032,
Lu39Y16Al25Co20,,,,,78.9,10.39,,,,30,30,,,,71.3,2.37,,687,1117,,0.61,769,,5,,,,,3.828,1.92,1.987,,,,,,,,,,,,,,,,,,,,236,0.316,7.593,
Lu55Al25Co20,,,,,80,9.21,,,,30.6,,,,,69.2,2.26,,,,,,,,,,,,,3.556,1.9,1.875,,,,,,,,,,,,,,,,,,,,223,0.307,8.694,
Lu45Y10Al25Co20,,,,,79.1,9.87,,,,31.1,,,,6.12,70.2,2.26,,689,,,,,,,,,,,3.747,1.9,1.97,,,,,,,,,,,,,,,,,,,,231,0.309,8.014,1.89
Yb62.5Zn15Mg17.5Cu5,,,,,26.54,4.07,,,,10.4,10.4,,,1.52,19.78,1.9,,381,645,,0.59,401,3.16,4,0.095,0.029,,26,2.272,1.8,1.263,,5.01,,5.67,,8.06,2.07,1.14,,,,,2.82,,2.73,0.86,1.17,0.7,,132.1,0.276,6.516,
(Ce10La90)68Al10Cu20Co2,,,,,30.38,4.82,,,,11.18,,,,,35.77,3.2,,,,,,,,,,,,,2.836,2.13,1.332,,,,,,,,,,,,,,,,,,,,144.8,0.358,6.303,
(Ce20La80)68Al10Cu20Co2,,,,,30.7,4.84,,,,11.33,,,,,35.07,3.1,,,,,,,,,,,,,2.815,2.1,1.337,,,,,,,,,,,,,,,,,,,,145.5,0.354,6.334,
(Ce30La70)68Al10Cu20Co2,,,,,31.4,4.89,,,,11.61,,,,,35.3,3.04,,,,,,,,,,,,,2.812,2.09,1.345,,,,,,,,,,,,,,,,,,,,146.9,0.352,6.418,
(Ce40La60)68Al10Cu20Co2,,,,,30.4,4.71,,,,11.2,,,,,34.4,3.06,,,,,,,,,,,,,2.766,2.1,1.32,,,,,,,,,,,,,,,,,,,,144.4,0.353,6.447,
(Ce50La50)68Al10Cu20Co2,,,,,31.3,4.82,,,,11.6,,,,,34.3,2.96,,,,,,,,,,,,,2.769,2.07,1.337,,,,,,,,,,,,,,,,,,,,146.5,0.348,6.492,
(Ce70La80)68Al10Cu20Co2,,,,,31.8,4.77,,,,11.9,,,,,32.9,2.78,,,,,,,,,,,,,2.707,2.03,1.335,,,,,,,,,,,,,,,,,,,,147.2,0.339,6.653,
(Ce80La20)68Al10Cu20Co2,,,,,31.1,4.65,,,,11.6,,,,,31.79,2.73,,,,,,,,,,,,,2.659,2.02,1.319,,,,,,,,,,,,,,,,,,,,145.6,0.337,6.694,
Se70Ge30,,,,,15.7,3.7,,,,6.2,,,,,11.7,1.9,,,,,,,,,,,,,2.16,1.8,1.2,,,,,,,,,,,,,,,,,,,,128,0.277,4.277,
Se,,,,,9.4,2.2,,,,3.5,,,,,9.9,2.85,,,,,,,,,,,,,1.84,2.04,0.905,,,,,,,,,,,,,,,,,,,,96.4,0.343,4.3,
Er50Al24Co20Y6,80.2,31.2,58.5,1.88,71.1,,,,,27,,,,,65.1,2.41,,651,1079,,0.6,702,,8,,,,,,,,,,,,,,,,,,,,,,,,,,,,0.318,,
Ho35Y21Al24Co20,,,,,69.1,,,,,26.2,,,,,63.6,,,644,1074,,0.63,696,,5,,,,,,,,,,,,,,,,,,,,,,,,,,,,0.319,,
Dy46Al24Co18Fe2Y10,,,,,64.2,,,,,24.4,,,,,58.5,,,627,1023,,0.63,677,,5,,,,,,,,,,,,,,,,,,,,,,,,,,,,0.317,,
Gd36Al24Co20Y20,,,,,62.2,,,,,23.6,,,,,57.4,,,603,1048,,0.6,658,,3,,,,,,,,,,,,,,,,,,,,,,,,,,,,0.319,,
Nd60Fe20Co10Al10,,,,,54.1,,,,,20.7,,,,,54.1,,,485,815,,0.59,615,,5,,,,,,,,,,,,,,,,,,,,,,,,,,,,0.317,,
Pr60Al10Ni10Cu20,,,,,37.2,,54.5,42.5,50.8,13.6,,,,,45.2,3.31,,417,806,,0.51,452,,5,,,,31,,,,34.7,,37.6,,10.8,,,,8.6,17.1,16.8,-5.2,,0.35,,,,,,,0.363,,
Zr57Ti5Cu20Ni8Al10,,,,,82,,84.2,76.5,82.1,30.1,,0.303,68,5.4,,,80,657,,,,,,,,,,,,,,,,,,,,,,,,,,,,,,,,,270.1,0.362,,1.77
Ti40Zr25Cu12Ni3Be20,,,,,97.3,,,,,,,0.279,14.2,,,,39.7,,,,,,,,,,,,,,,,,,,,,,,,,,,,,,,,,,,0.352,,
Dy40Y16Al24Co20,,,,,,,,,,,,0.417,0.06,,,,,,,,,,,,,,,,,,,,,,,,,,,,,,,,,,,,,,,0.317,,
Fe50Mn10Mo14Cr4C16B6,,,,,200,,,,,,,0.423,0.02,,,,2,,,,,,,,,,,,,,,,,,,,,,,,,,,,,,,,,,,0.314,,
Pd77.5Cu6Si16.5,96.4,35,156.6,4.48,88.8,,,,,32.9,,0.189,35,,174.7,5.31,51,,,,,,,,,,,,,,,,,,,,,,,,,,,,,,,,,,,0.41,,
Fe80P13C7,,,,,137.3,,,,,,,0.214,60,,,,77,,,,,,,,,,,,,,,,,,,,,,,,,,,,,,,,,,,0.4,,
Ca65Li9.96Mg8.54Zn16.5,,,,,23.4,,,,,8.95,,,,1.35,20.2,2.26,,320,,,,,,,,,,20,,,,,,,,,,,,,,,,,,,,,,,220.7,0.307,,0.53
(Cu50Zr50)86Al7Be7,,,,,,,,,,38.1,,,,,122.6,3.22,,,,,,,,,,,,42,,,,,,,,,,,,,,,,,,,,,,,,0.359,,
(Cu50Zr50)86Al7Ag7,,,,,,,,,,32.7,,,,,156.1,4.77,,,,,,,,,,,,45,,,,,,,,,,,,,,,,,,,,,,,,0.402,,
Ca65Mg15Zn20,,,,,22.4,,,,,10.1,,,,,22.6,2.23,,,,,,,,,,,,21,,,,,,,,,,,,,,,,,,,,,,,,0.3,,
Pd39.1Ni10.1Cu29.9P20.9,,,,,98.2,,,,,35.2,,,,,158.7,4.52,,564,,,,637,6.277,,0.072,0.021,59,52,,,,25,,27.2,,2.2,,,,3.2,12.4,12.3,-6,,0.7,,2.26,2.75,2.02,2.97,,0.397,,
Au77.8Ge13.8Si8.4,,,,,,,,,,,,,,,,8.28,,,,,,,,,,,,92,,,,,,,,,,,,,,,,,,,,,,,,0.442,,
Mg65Cu25Y10,,,,,,,,,,19.4,,,,,44.7,2.3,,,,,,,,,,,,45,,,,,,,,,,,,,,,,,,,,,,,,0.305,,
Fe70B5C5Si3Al5Ga2P10,,,,,149.7,,,,,58.5,,,,,113.4,1.938,,,,,,,,,,,,34,,,,,,,,,,,,,,,,,,,,,,,,0.28,,
Fe41.5Ni41.5P17,,,,,,,,,,,,,,,,10.1,,,,,,,,,,,,99,,,,,,,,,,,,,,,,,,,,,,,,0.452,,
Ni60Nb35Sn5,,,,,,,143.6,118.6,136.4,66.3,,,,,267,4.03,,,,,,,,,,,,60,,,,,,,,,,,,,,,,,,,,,,,,0.385,,
Zr52.25Cu28.5Ni4.75Al9.5Ta5,,,,,90,,88.9,78.9,85.2,,,,,,,,,705,,,,,,,,,,,,,,,,,,,,,,,,,,,,,,,,,,,,1.909
Ti50Cu23Ni20Sn7,,,,,85.3,,122.2,107.2,117.9,,,,,,,,,681,,,,,,,,,,,,,,,,,,,,,,,,,,,,,,,,,,,,1.3
Ti50Ni24Cu20B1Si2Sn2,,,,,110,,130.4,116.8,125.4,,,,,6.1,,,,726,,,,,,,,,,,,,,,,,,,,,,,,,,,,,,,,,,,,2.1
Cu55Zr30Ti10Co5,,,,,130,,103.8,92.6,102.6,,,,,,,,,714,,,,,,,,,,,,,,,,,,,,,,,,,,,,,,,,,,,,2.31
Cu60Hf30Ti10,,,,,124,,106,99.9,107.3,,,,,,,,,725,,,,,,,,,,,,,,,,,,,,,,,,,,,,,,,,,,,,2.16
Ni45Ti20Zr25Al10,,,,,114,,119.6,96.9,110.1,,,,,7.75,,,,733,,,,,,,,,,,,,,,,,,,,,,,,,,,,,,,,,,,,2.37
Ni40Cu5Ti17Zr28Al10,,,,,133.9,,115.2,93.9,106.4,,,,,8.45,,,,762,,,,,,,,,,,,,,,,,,,,,,,,,,,,,,,,,,,,2.3
Pd80Si20,,,,,70,,101.7,85.8,92,,,,,,,,,607,,,,,,,,,,,,,,,,,,,,,,,,,,,,,,,,,,,,1.34
Mg65Y10Cu15Ag5Pd5,,,,,59,,58.8,52.1,55,,,,,,,,,437,,,,,,,,,,,,,,,,,,,,,,,,,,,,,,,,,,,,0.77
Mg65Cu20Y15,,,,,69,,58.1,52,54.6,,,,,2.6,,,,420,,,,,,,,,,,,,,,,,,,,,,,,,,,,,,,,,,,,0.82
Fe61Zr8Y2Co6Mo7Al1B15,,,,,222,,210.4,153.1,186.5,,,,,11.4,,,,899,,,,,,,,,,,,,,,,,,,,,,,,,,,,,,,,,,,,
(Fe0.75B0.2Si0.05)96Nb4,,,,,180,,218.6,163.6,190.5,,,,,10.5,,,,835,,,,,,,,,,,,,,,,,,,,,,,,,,,,,,,,,,,,3.16
[(Fe0.8Co0.2)0.75B0.2Si0.05]96Nb4,,,,,205,,218.4,163.1,190.2,,,,,12,,,,830,,,,,,,,,,,,,,,,,,,,,,,,,,,,,,,,,,,,4.17
Co43Fe20Ta5.5B31.5,,,,,268,,258.5,233.9,249,,,,,,,,,910,,,,,,,,,,,,,,,,,,,,,,,,,,,,,,,,,,,,5.185
W46Ru37B17,,,,,309,,415.5,414.9,417.9,,,,,16.8,,,,1151,,,,,,,,,,,,,,,,,,,,,,,,,,,,,,,,,,,,
Ca65Ag35,,,,,20,,31,23,27.2,,,,,1.5,,,,400,,,,,,,,,,,,,,,,,,,,,,,,,,,,,,,,,,,,
Ca57Mg19Cu24,,,,,38,,33.2,23.6,28.9,,,,,,,,,387,,,,,,,,,,,,,,,,,,,,,,,,,,,,,,,,,,,,0.545
Ni50Nb50,137.7,50.7,174.9,3.45,132,,,,,48.1,,,,8.93,168.3,3.49,,875,,,,,,,,,,,,,,,,,,,,,,,,,,,,,,,,,,,,2.26
Mo52Cr14Fel4P12B8,,,,,,,,,,,,,,12.6,,,,1135,,,,,,,,,,,,,,,,,,,,,,,,,,,,,,,,,,,,
Mo40Co20Fe20B20,,,,,,,,,,,,,,17.5,,,,1108,,,,,,,,,,,,,,,,,,,,,,,,,,,,,,,,,,,,
W46Ru37B12Si5,,,,,229,,,,,,,,,13.2,,,,1110,,,,,,,,,,,,,,,,,,,,,,,,,,,,,,,,,,,,
W45Ru36B17Hf2,,,,,262,,,,,,,,,16.5,,,,1129,,,,,,,,,,,,,,,,,,,,,,,,,,,,,,,,,,,,
Al88Ni9Ce2Fe1,,,,,70,,,,,,,,,,,,,,,,,,,,,,,,,,,,,,,,,,,,,,,,,,,,,,,,,1.35
Tm39Al25Co20Y16,,,,,75,,,,,29.4,,,,6.07,,,,664,,,,,,,,,,,,,,,,,,,,,,,,,,,,,,,,,236,,,1.98
Au76.9Si9.45Ge13.66,,,,,,,,,,,,,,,,,,297,,,,,,,,,,,,,,,,,,,,,,,,,,,,,,,,,240,,,
Au70Cu5.5Ag7.5Si17,,,,,,,,,,,,,,2.64,,,,339,,,,,,,,,,,,,,,,,,,,,,,,,,,,,,,,,,,,
Pt60Cu16Co2P22,,,,,96,,,,,,,,,4.02,,,,506,,,,,,,,,,,,,,,,,,,,,,,,,,,,,,,,,206,,,1.1
(Cu50Zr50)90Al7Gd3,86,36.9,104.4,2.82,89,,,,,32.4,,,,,117.1,3.61,,,,,,,,,,,,,,,,,,,,,,,,,,,,,,,,,,,,,,
Zr48Nb8Cu12Fe8Be24,,,,,95.7,,109.3,84.5,100.4,,,,,,,,,661,,,,733,4.099,,0.055,0.011,,,,,,22.2,0.99,24.5,0.91,4.09,1.59,0.55,0.23,4.52,10.9,11,,0.31,1.21,0.44,1.1,1.54,0.88,1.84,,,,
Zr41Ti14Cu12.5Ni10Be22.5,,,,,101,,113.8,88.7,105.5,,,,,,,,,,,,,,,,,,,,,,,,,,,,,,,,,,,,,,,,,,,,,
Sc36Co20Y20Al24,,,,,85.2,,84,74.6,80.8,,,,,,,,,,,,,,,,,,,,,,,,,,,,,,,,,,,,,,,,,,,,,
Nd60Fe20Al10Ni10,,,,,54.1,,65.3,47.4,57.1,,,,,,,,,,,,,,,,,,,,,,,,,,,,,,,,,,,,,,,,,,,,,
La66Al14Ni10Cu10,,,,,35.7,,49.5,41,47.4,,,,,,,,,,,,,,,,,,,,,,,,,,,,,,,,,,,,,,,,,,,,,
Cu60Hf10Zr20Ti10,,,,,101,,102.7,94.3,103.1,36.9,,,,7,,,,754,,,,,,,,,,,,,,,,,,,,,,,,,,,,,,,,,282,,,1.95
Ni40Cu6Ti16Zr28Al10,,,,,111,,115.3,93.9,106.5,,,,,,,,,,,,,,,,,,,,,,,,,,,,,,,,,,,,,,,,,,,,,
Ni40Cu5Ti16.5Zr28.5Al10,,,,,122,,114.8,93.6,106.1,,,,,,,,,,,,,,,,,,,,,,,,,,,,,,,,,,,,,,,,,,,,,
Ni39.8Cu5.97Ti15.92Zr27.86Al9.95Si0.5,,,,,117,,114.8,93.4,105.8,,,,,,,,,,,,,,,,,,,,,,,,,,,,,,,,,,,,,,,,,,,,,
Ni60Sn6(Nb0.8Ta0.2)34,,,,,161.3,,149.3,120.8,139.7,,,,,,,,,,,,,,,,,,,,,,,,,,,,,,,,,,,,,,,,,,,,,
Ni60Sn6(Nb0.6Ta0.4)34,,,,,163.7,,156.2,126.2,145.5,,,,,,,,,,,,,,,,,,,,,,,,,,,,,,,,,,,,,,,,,,,,,
Mg75Ni15Y10,,,,,61,,59.2,50,52.7,,,,,,,,,,,,,,,,,,,,,,,,,,,,,,,,,,,,,,,,,,,,,
[(Fe0.8Co0.1Ni0.1)0.75B0.2Si0.05]96Nb4,,,,,208,,227.4,122.8,167.3,,,,,,,,,,,,,,,,,,,,,,,,,,,,,,,,,,,,,,,,,,,,,
(Fe0.75B0.15Si0.1)96Nb4,,,,,175,,198.7,134.7,162.3,,,,,,,,,,,,,,,,,,,,,,,,,,,,,,,,,,,,,,,,,,,,,
Fe77Ga3P9.5C4B4Si2.5,,,,,182,,155.3,19.5,31.5,,,,,,,,,,,,,,,,,,,,,,,,,,,,,,,,,,,,,,,,,,,,,
Fe48Cr15Mo14Er2C15B6,,,,,200,,224.6,55.6,39.9,,,,,,,,,,,,,,,,,,,,,,,,,,,,,,,,,,,,,,,,,,,,,
(Fe44.3Cr5Co5Mo12.8Mn11.2C15.8B5.9)98.5Y1.5,,,,,257,,214.1,53.2,38.4,,,,,,,,,,,,,,,,,,,,,,,,,,,,,,,,,,,,,,,,,,,,,
Zr,,,,,68,,,,,33,,,,9.03,,,,,,1125,,,,,,,,,,,,,,,,,,,,,,,,,,,,,,,,0.34,6.508,
Ti,,,,,116,,,,,44,,,,9.7,110,,,,,1941,,,,,,,,,,,,,,,,,,,,,,,,,,,,,,,,0.32,4.54,
Cu,,,,,130,,,,,48,,,,3.69,140,,,,,1356,,,,,,,,,,,,,,,,,,,,,,,,,,,,,,,,0.34,8.954,
Ni,,,,,200,,,,,76,,,,6.38,180,,,,,1726,,,,,,,,,,,,,,,,,,,,,,,,,,,,,,,,0.31,8.902,
Nb,,,,,105,,,,,38,,,,13.2,170,,,,,2741,,,,,,,,,,,,,,,,,,,,,,,,,,,,,,,,0.4,8.58,
Mg,,,,,45,,,,,17,,,,,45,,,,,922,,,,,,,,,,,,,,,,,,,,,,,,,,,,,,,,0.29,1.738,
Fe,,,,,211,,,,,82,,,,6.08,170,,,,,1808,,,,,,,,,,,,,,,,,,,,,,,,,,,,,,,,0.29,7.874,
Al,,,,,70,,,,,26,,,,1.67,76,,,,,933,,,,,,,,,,,,,,,,,,,,,,,,,,,,,,,,0.35,2.7,
Zn,,,,,108,,,,,43,,,,4.2,70,,,,,692,,,,,,,,,,,,,,,,,,,,,,,,,,,,,,,,0.25,7.14,
Co,,,,,209,,,,,75,,,,10.43,180,,,,,1768,,,,,,,,,,,,,,,,,,,,,,,,,,,,,,,,0.31,8.89,
Cr,,,,,279,,,,,115,,,,10.06,160,,,,,2163,,,,,,,,,,,,,,,,,,,,,,,,,,,,,,,,0.21,7.19,
Be,,,,,287,,,,,132,,,,16.7,130,,,,,1551,,,,,,,,,,,,,,,,,,,,,,,,,,,,,,,,0.03,1.847,
Hf,,,,,78,,,,,30,,,,17.6,110,,,,,2500,,,,,,,,,,,,,,,,,,,,,,,,,,,,,,,,0.37,13.31,
Pd,,,,,121,,,,,44,,,,4.61,180,,,,,1827,,,,,,,,,,,,,,,,,,,,,,,,,,,,,,,,0.39,12.02,
Au,,,,,78,,,,,27,,,,2.5,220,,,,,1337,,,,,,,,,,,,,,,,,,,,,,,,,,,,,,,,0.44,19.32,
Pt,,,,,74,,,,,29,,,,5.49,57,,,,,2045,,,,,,,,,,,,,,,,,,,,,,,,,,,,,,,,0.28,21.45,
Ca,,,,,20,,,,,7.4,,,,1.75,17,,,,,1112,,,,,,,,,,,,,,,,,,,,,,,,,,,,,,,,0.31,1.54,
Sr,,,,,,,,,,6.1,,,,,,,,,,1050,,,,,,,,,,,,,,,,,,,,,,,,,,,,,,,,0.28,2.64,
W,,,,,411,,,,,161,,,,34.3,310,,,,,3683,,,,,,,,,,,,,,,,,,,,,,,,,,,,,,,,0.28,19.25,
B,,,,,,,,,,,,,,9.3,320,,,,,2373,,,,,,,,,,,,,,,,,,,,,,,,,,,,,,,,,2.35,
C,,,,,,,,,,,,,,,33,,,,,3820,,,,,,,,,,,,,,,,,,,,,,,,,,,,,,,,,3.514,
Si,,,,,47,,,,,,,,,6.5,100,,,,,1685,,,,,,,,,,,,,,,,,,,,,,,,,,,,,,,,,2.33,
Sc,,,,,74,,,,,29,,,,,57,,,,,1814,,,,,,,,,,,,,,,,,,,,,,,,,,,,,,,,0.28,2.989,
Y,,,,,64,,,,,26,,,,,41,,,,,1783,,,,,,,,,,,,,,,,,,,,,,,,,,,,,,,,0.24,4.47,
La,,,,,37,,,,,14,,,,4.91,28,,,,,1193,,,,,,,,,,,,,,,,,,,,,,,,,,,,,,,,0.28,6.15,
Ce,,,,,34,,,,,14,,,,2.7,22,,,,,795,,,,,,,,,,,,,,,,,,,,,,,,,,,,,,,,0.24,7.14,
Pr,,,,,37,,,,,15,,,,4,29,,,,,1208,,,,,,,,,,,,,,,,,,,,,,,,,,,,,,,,0.28,6.64,
Nd,,,,,41,,,,,16,,,,3.43,32,,,,,1297,,,,,,,,,,,,,,,,,,,,,,,,,,,,,,,,0.28,6.8,
Sm,,,,,50,,,,,20,,,,4.12,38,,,,,1345,,,,,,,,,,,,,,,,,,,,,,,,,,,,,,,,0.27,7.353,
Gd,,,,,55,,,,,22,,,,5.7,38,,,,,1583,,,,,,,,,,,,,,,,,,,,,,,,,,,,,,,,0.26,7.9,
Tb,,,,,56,,,,,22,,,,8.63,39,,,,,1629,,,,,,,,,,,,,,,,,,,,,,,,,,,,,,,,0.26,8.22,
Dy,,,,,61,,,,,25,,,,5.4,41,,,,,1680,,,,,,,,,,,,,,,,,,,,,,,,,,,,,,,,0.25,8.55,
Ho,,,,,65,,,,,26,,,,4.81,40,,,,,1734,,,,,,,,,,,,,,,,,,,,,,,,,,,,,,,,0.23,8.8,
Er,,,,,70,,,,,28,,,,5.89,44,,,,,1770,,,,,,,,,,,,,,,,,,,,,,,,,,,,,,,,0.24,9.07,
Tm,,,,,74,,,,,31,,,,5.2,45,,,,,1818,,,,,,,,,,,,,,,,,,,,,,,,,,,,,,,,0.21,9.321,
Yb,,,,,24,,,,,9.9,,,,2.6,31,,,,,1097,,,,,,,,,,,,,,,,,,,,,,,,,,,,,,,,0.21,6.57,
Lu,,,,,69,,,,,27,,,,11.6,48,,,,,1936,,,,,,,,,,,,,,,,,,,,,,,,,,,,,,,,0.26,9.842,
Zr50.6Ti5.2Cu18.8Ni14.1Al14.3,,,,,,,,,,,,,,,,,,,,,,,4.344,,0.062,0.017,,,,,,,1.23,,1.16,,1.97,0.64,0.36,,,,,0.27,,0.44,1.03,1.76,0.67,1.95,,,,
Zr41Ti14Cu12.5Ni10.2Be22.5,,,,,,,,,,,,,,,,,,,,,,,,,,,,,,,,,1.14,,1.07,,1.84,0.57,0.3,,,,,0.28,,0.46,,,,,,,,
Zr41Ti14Cu12.5Ni10Be22.5,,,,,,,,,,,,,,,,,,,,,,,4.058,,0.055,0.014,,,,,,,,,,,,,,,,,,,,,1.12,1.65,0.86,1.85,,,,
Zr41Ti14Cu12.5Ni5Be22.5,,,,,,,,,,,,,,,,,,623,,,,698,,,,,,,,,,27.2,,30.3,,4,,,,5.3,13.5,13.44,-9.4,,1.1,,,,,,,,,
Zr46.75Ti8.25Cu5.5Ni10Be27.5,,,,,,,,,,,,,,,,,,623,,,,731,,,,,,,,,,27.7,,31,,2.6,,,,4.4,10.8,10.8,-9.5,,1.05,,,,,,,,,
